Step,KineticEnergy
10,0.193173
20,0.720369
30,1.53862
40,2.56726
50,3.70301
60,4.84315
70,5.90318
80,6.82478
90,7.58416
100,8.19
110,8.67535
120,9.09094
130,9.49047
140,9.92878
150,10.4402
160,11.0373
170,11.7189
180,12.4738
190,13.2713
200,14.0824
210,14.8778
220,15.6372
230,16.3495
240,17.013
250,17.6363
260,18.2288
270,18.8016
280,19.3645
290,19.9191
300,20.468
310,21.0063
320,21.5314
330,22.029
340,22.4991
350,22.9427
