Step,KineticEnergy
10,0.185762
20,0.694607
30,1.50439
40,2.5263
50,3.65714
60,4.79203
70,5.84607
80,6.76457
90,7.52359
100,8.13326
110,8.62762
120,9.06116
130,9.48826
140,9.95079
150,10.4799
160,11.0914
170,11.7858
180,12.5391
190,13.3333
