Step,KineticEnergy
10,0.178054
20,0.653
30,1.39639
40,2.34076
50,3.39469
60,4.47367
70,5.49964
80,6.41387
90,7.18748
100,7.82633
